x	xend	y	yend
1.09834954065583	3.01344920977238	1.09834954065583	3.01344920977238
