x	xend	y	yend
80.8206575559517	100.17267890062	80.8206575559517	100.17267890062
