x	xend	y	yend
0.765691947484222	0.995730250926896	0.765691947484222	0.995730250926896
